period,start,end,labor_composition,capital_deepening,tfp,total_lp,tfp_share_pct,n_quarters
1995-2004,1995Q1,2004Q4,0.42309390961595916,1.0621695407624319,1.6200666287071734,3.1053300790855642,52.17051287456821,40
2004-07,2004Q1,2007Q4,0.2450552063620215,0.6840169422875726,0.6345783436918899,1.563650492341484,40.58313202342567,16
2010-19,2010Q1,2019Q4,0.2761838305868647,0.19988151879823726,0.6752474165925926,1.1513127659776945,58.65021534953386,40
2020-2022,2020Q1,2022Q4,0.35350565029714787,0.6277613422857348,0.5746160239120809,1.5558830164949633,36.93182699600096,12
2023-2025,2023Q1,2025Q4,0.5952613499520846,0.8095646312925799,1.3294814751953166,2.7343074564399807,48.62223785639226,12
