window_start,window_end,n_quarters,measure,average_annual_rate
2023Q1,2025Q4,12,Raw capital per hour growth (dk - dhours),2.5988190940959406
2023Q1,2025Q4,12,Capital deepening contribution,0.8095646312925799
2023Q1,2025Q4,12,Labor composition,0.5952613499520846
2023Q1,2025Q4,12,TFP (unadjusted),1.3294814751953166
2023Q1,2025Q4,12,TFP (utilization-adjusted),1.1118728072726134
2023Q1,2025Q4,12,Utilization,0.21760866792270298
2023Q1,2025Q4,12,Total labor productivity growth,2.7343074564399807
