period,start,end,labor_composition,capital_deepening,utilization,tfp_util_adjusted,total_lp,tfp_util_adjusted_share_pct,n_quarters
1995-2004,1995Q1,2004Q4,0.42309390961595916,1.0621695407624319,-0.3679879651369868,1.98805459384416,3.1053300790855642,64.02071738633299,40
2004-07,2004Q1,2007Q4,0.2450552063620215,0.6840169422875726,0.3187687422183554,0.31580960147353443,1.563650492341484,20.196943180098145,16
2010-19,2010Q1,2019Q4,0.2761838305868647,0.19988151879823726,0.21312399667673154,0.4621234199158611,1.1513127659776945,40.13882531072484,40
2020-2022,2020Q1,2022Q4,0.35350565029714787,0.6277613422857348,0.16045476726675414,0.4141612566453265,1.5558830164949633,26.619048620913283,12
2023-2025,2023Q1,2025Q4,0.5952613499520846,0.8095646312925799,0.21760866792270298,1.1118728072726134,2.7343074564399807,40.66378141396915,12
