period,start,end,labor_composition,capital_deepening,tfp,total_lp,tfp_share_pct,capital_deepening_formula,identity_gap_formula_mean,identity_gap_formula_max_abs,n_years
1995-2004,1995,2004,0.3932132583970735,1.0491975233969213,1.6273310083574224,3.069741790151417,53.01198340454405,1.0529386754151384,-0.0037411520182172088,0.05224657592849402,10
2004-07,2004,2007,0.2846821125808377,0.5816492645145208,1.0318113168582608,1.8981426939536195,54.3589963043881,0.5849440017996189,-0.003294737285098104,0.01063925001991306,4
2010-19,2010,2019,0.28173475929454517,0.21362325293722284,0.816644828314943,1.3120028405467108,62.244135689115396,0.21715223695805244,-0.00352898402082964,0.042178853804256455,10
2020-2022,2020,2022,0.2602240834736665,0.7366750736901367,1.016811352407898,2.0137105095717014,50.4944155366287,0.7545455930558823,-0.017870519365745574,0.05398953875764345,3
2023-2025,2023,2025,0.7111572325954775,0.6946740255045546,0.8316447101168375,2.2374759682168697,37.168877875350184,0.6931917324511949,0.0014822930533598584,0.0044096799593846825,3
