period,start,end,labor_composition,capital_deepening,utilization,tfp_util_adjusted,total_lp,tfp_util_adjusted_share_pct,capital_deepening_formula,identity_gap_formula_mean,identity_gap_formula_max_abs,n_years
1995-2004,1995,2004,0.3932132583970735,1.0489938169030109,-0.3042837484782872,1.9318184633296203,3.069741790151417,62.9309758080445,1.0529386754151384,-0.003944858512127625,0.04632747460432407,10
2004-07,2004,2007,0.2846821125808377,0.5812792701325202,0.643789287302256,0.38839202393800565,1.8981426939536195,20.461687373409656,0.5849440017996189,-0.0036647316670987418,0.012576623705031542,4
2010-19,2010,2019,0.28173475929454517,0.21305189258260765,0.3863267906711586,0.43088939799839965,1.3120028405467108,32.8421086206527,0.21715223695805244,-0.004100344375444797,0.043026050922664094,10
2020-2022,2020,2022,0.2602240834736665,0.7388391020095573,0.07753367608537769,0.9371136480030998,2.0137105095717014,46.53666172713255,0.7545455930558823,-0.015706491046324933,0.051972575210456284,3
2023-2025,2023,2025,0.7111572325954775,0.694700539071364,-0.05736316751749208,0.8889813640675204,2.2374759682168697,39.73143741856515,0.6931917324511949,0.0015088066201690193,0.004169541440018687,3
